{"cameraMode":{"drawMode":0,"name":"Shaded","section":"Shading Mode"},"sceneLighting":false,"audioPlay":false,"sceneViewState":{"m_AlwaysRefresh":false,"showFog":true,"showSkybox":false,"showFlares":true,"showImageEffects":true,"showParticleSystems":true,"showVisualEffectGraphs":true,"m_FxEnabled":true},"in2DMode":false,"pivot":{"x":-6.731501579284668,"y":-0.039999961853027347,"z":-21.48788070678711},"rotation":{"x":0.011533712968230248,"y":0.9875816702842712,"z":-0.12961669266223908,"w":0.08792703598737717},"size":5.84739351272583,"orthographic":false}